<configuration>

    <appender name="CONSOLE" class="ch.qos.logback.core.ConsoleAppender">
        <layout class="ch.qos.logback.classic.PatternLayout">
            <Pattern>
                %d{HH:mm:ss.SSS} [%t] %-5level %logger{36} - %msg%n
            </Pattern>
        </layout>
    </appender>

    <root level="info">
        <appender-ref ref="CONSOLE"/>
    </root>

    <logger name="innohack" level="debug" additivity="false">
        <appender-ref ref="CONSOLE"/>
    </logger>

</configuration>